<?xml version="1.0" encoding="utf-8"?>
<!DOCTYPE package-info SYSTEM "http://www.simplemachines.org/xml/package-info">
<!--Generated by Mod Manager v1-->
<package-info xmlns:smf="http://www.simplemachines.org/" xmlns="http://www.simplemachines.org/xml/package-info">
    <id>yoshi2889:backtotheindex</id>
    <name>Back To The Index</name>
    <version>0.4</version>
    <type>modification</type>
    <install for="2.0 - 2.0.99">
        <readme parsebbc="true">readme.txt</readme>
        <modification>install.xml</modification>
        <database>installDatabase.php</database>
        <require-file name="files/Subs-BackToTheIndex.php" destination="$sourcedir" />
    </install>
    <uninstall for="2.0 - 2.0.99">
        <modification reverse="true">install.xml</modification>
        <database>uninstallDatabase.php</database>
        <remove-file name="$sourcedir/Subs-BackToTheIndex.php" />
    </uninstall>
</package-info>