<?xml version="1.0" encoding="utf-8"?>
<!DOCTYPE modification SYSTEM "http://www.simplemachines.org/xml/modification">
<!--Generated with Mod Manager (c) 2013 Yoshi2889-->
<modification xmlns:smf="http://www.simplemachines.org/" xmlns="http://www.simplemachines.org/xml/modification">
    <id>yoshi2889:BlockEmailUsernames</id>
    <version>0.4.1</version>
    <file name="$languagedir/Modifications.english.php">
        <operation>
            <search position="end" />
            <add><![CDATA[$txt['registration_failed_email_provider1'] = 'The registration failed because: You cannot use this e-mail provider in your username.';
$txt['registration_failed_email'] = 'The registration failed because: You cannot use an email address as your username.';
$txt['registration_failed_email_provider2'] = 'The registration failed because: You cannot use this e-mail provider in your e-mail address.';

$txt['blockemail'] = 'Block e-mail usernames';
$txt['enableblockemail'] = 'Enable blocker';

$txt['block_what'] = 'What to check';
$txt['what_username'] = 'Usernames';
$txt['what_email'] = 'E-mail addresses';
$txt['what_both'] = 'Both';

$txt['block_by_provider'] = 'Block by provider';
$txt['email_providers_deny'] = 'Providers to block (name.ext, E.G. hotmail.com, separate by a single semicolon (;))
<div class="smalltext">The "Block by provider" option must be on.</div>';

$txt['also_check_email_addresses'] = 'Also check the e-mail addresses
<div class="smalltext">Either the "Block by provider" or the "Allow by provider" option must be enabled for this to function correctly.</div>';

$txt['allow_by_provider'] = 'Allow by provider';
$txt['email_providers_allow'] = 'Providers to allow (name.ext, E.G. hotmail.com, separate by a single semicolon (;))
<div class="smalltext">The "Allow by provider" option must be on.</div>';]]></add>
        </operation>
    </file>
    <file name="$languagedir/Modifications.english-utf8.php" error="skip">
        <operation>
            <search position="end" />
            <add><![CDATA[$txt['registration_failed_email_provider1'] = 'The registration failed because: You cannot use this e-mail provider in your username.';
$txt['registration_failed_email'] = 'The registration failed because: You cannot use an email address as your username.';
$txt['registration_failed_email_provider2'] = 'The registration failed because: You cannot use this e-mail provider in your e-mail address.';

$txt['blockemail'] = 'Block e-mail usernames';
$txt['enableblockemail'] = 'Enable blocker';

$txt['block_what'] = 'What to check';
$txt['what_username'] = 'Usernames';
$txt['what_email'] = 'E-mail addresses';
$txt['what_both'] = 'Both';

$txt['block_by_provider'] = 'Block by provider';
$txt['email_providers_deny'] = 'Providers to block (name.ext, E.G. hotmail.com, separate by a single semicolon (;))
<div class="smalltext">The "Block by provider" option must be on.</div>';

$txt['also_check_email_addresses'] = 'Also check the e-mail addresses
<div class="smalltext">Either the "Block by provider" or the "Allow by provider" option must be enabled for this to function correctly.</div>';

$txt['allow_by_provider'] = 'Allow by provider';
$txt['email_providers_allow'] = 'Providers to allow (name.ext, E.G. hotmail.com, separate by a single semicolon (;))
<div class="smalltext">The "Allow by provider" option must be on.</div>';]]></add>
        </operation>
    </file>
    <file name="$languagedir/Modifications.dutch.php" error="skip">
        <operation>
            <search position="end" />
            <add><![CDATA[$txt['registration_failed_email_provider1'] = 'De registratie mislukte omdat: Je kunt deze e-mail provider niet gebruiken in je gebruikersnaam.';
$txt['registration_failed_email'] = 'De registratie mislukte omdat: Je kunt geen e-mail adres gebruiken als gebruikersnaam.';
$txt['registration_failed_email_provider2'] = 'De registratie mislukte omdat: Je kunt deze e-mail provider niet gebruiken in je e-mail adres.';

$txt['blockemail'] = 'Blokkeer e-mail gebruikersnamen';
$txt['enableblockemail'] = 'Zet de blokkeerder aan';

$txt['block_what'] = 'Wat na te kijken';
$txt['what_username'] = 'Gebruikersnamen';
$txt['what_email'] = 'E-mail addressen';
$txt['what_both'] = 'Beide';

$txt['block_by_provider'] = 'Blokkeer door middel van provider';
$txt['email_providers_deny'] = 'Providers om te blokkeren (naam.ext, E.G. hotmail.com, scheiden door middel van een enkele puntkomma)
<div class="smalltext">De "Blokkeer door middel van provider" optie moet hiervoor aanstaan.</div>';

$txt['allow_by_provider'] = 'Sta toe door middel van provider';
$txt['email_providers_allow'] = 'Providers om toe te staan (naam.ext, E.G. hotmail.com, scheiden door middel van een enkele puntkomma)
<div class="smalltext">De "Sta toe door middel van provider" optie moet hiervoor aanstaan.</div>';]]></add>
        </operation>
    </file>
    <file name="$languagedir/Modifications.dutch-utf8.php" error="skip">
        <operation>
            <search position="end" />
            <add><![CDATA[$txt['registration_failed_email_provider1'] = 'De registratie mislukte omdat: Je kunt deze e-mail provider niet gebruiken in je gebruikersnaam.';
$txt['registration_failed_email'] = 'De registratie mislukte omdat: Je kunt geen e-mail adres gebruiken als gebruikersnaam.';
$txt['registration_failed_email_provider2'] = 'De registratie mislukte omdat: Je kunt deze e-mail provider niet gebruiken in je e-mail adres.';

$txt['blockemail'] = 'Blokkeer e-mail gebruikersnamen';
$txt['enableblockemail'] = 'Zet de blokkeerder aan';

$txt['block_what'] = 'Wat na te kijken';
$txt['what_username'] = 'Gebruikersnamen';
$txt['what_email'] = 'E-mail addressen';
$txt['what_both'] = 'Beide';

$txt['block_by_provider'] = 'Blokkeer door middel van provider';
$txt['email_providers_deny'] = 'Providers om te blokkeren (naam.ext, E.G. hotmail.com, scheiden door middel van een enkele puntkomma)
<div class="smalltext">De "Blokkeer door middel van provider" optie moet hiervoor aanstaan.</div>';

$txt['allow_by_provider'] = 'Sta toe door middel van provider';
$txt['email_providers_allow'] = 'Providers om toe te staan (naam.ext, E.G. hotmail.com, scheiden door middel van een enkele puntkomma)
<div class="smalltext">De "Sta toe door middel van provider" optie moet hiervoor aanstaan.</div>';]]></add>
        </operation>
    </file>
</modification>