<?xml version="1.0" encoding="utf-8"?>
<!DOCTYPE package-info SYSTEM "http://www.simplemachines.org/xml/package-info">
<!--Generated with Mod Manager (c) 2013 Yoshi2889-->
<package-info xmlns:smf="http://www.simplemachines.org/" xmlns="http://www.simplemachines.org/xml/package-info">
    <id>yoshi2889:BlockEmailUsernames</id>
    <name>Block Email Usernames</name>
    <version>0.4.1</version>
    <type>modification</type>
    <install for="2.0 - 2.0.99">
        <readme parsebbc="true">readme.txt</readme>
        <modification>install.xml</modification>
        <code>install.php</code>
        <database>installDatabase.php</database>
        <require-file name="files/Subs-BlockEmailUsernames.php" destination="$sourcedir" />
    </install>
    <uninstall for="2.0 - 2.0.99">
        <modification reverse="true">install.xml</modification>
        <code>uninstall.php</code>
        <database>uninstallDatabase.php</database>
        <remove-file name="$sourcedir/Subs-BlockEmailUsernames.php" />
    </uninstall>
</package-info>