<?xml version="1.0" encoding="utf-8"?>
<!DOCTYPE package-info SYSTEM "http://www.simplemachines.org/xml/package-info">
<!--Generated with Mod Manager (c) 2013 Yoshi2889-->
<package-info xmlns:smf="http://www.simplemachines.org/" xmlns="http://www.simplemachines.org/xml/package-info">
    <id>Yoshi2889:TabbedCategories</id>
    <name>Tabbed Categories</name>
    <version>0.1</version>
    <type>modification</type>
    <install for="2.0 - 2.0.99">
        <modification>install.xml</modification>
    </install>
    <uninstall for="2.0 - 2.0.99">
        <modification reverse="true">install.xml</modification>
    </uninstall>
</package-info>