<?xml version="1.0"?>
<!DOCTYPE modification SYSTEM "http://www.simplemachines.org/xml/modification">
<modification xmlns="http://www.simplemachines.org/xml/modification" xmlns:smf="http://www.simplemachines.org/">
	<id>Yoshi2889:DevCenter</id>
	<version>0.1</version>
	<file name="$languagedir/Modifications.english.php">
		<operation>
			<search position="end" />
			<add><![CDATA[
// DevCenter mod -- Settings
$txt['mods_cat_modifications_devcenter'] = 'DevCenter settings';
$txt['devcenter'] = 'DevCenter settings';

$txt['devcenter_menu_count_log_entries'] = 'Show the amount of error log entries in the Admin menu button';
$txt['devcenter_dont_show_when_0'] = 'Do not show the counter when there are no entries';
$txt['devcenter_direct_printing_error'] = 'Show debugging information (including errors, will be shown to every user!)';
$txt['devcenter_show_phpinfo'] = 'Show phpinfo() when action \'phpinfo\' is called';
$txt['devcenter_quithighserverload'] = 'Quit executing when server load has reached the set number';
$txt['devcenter_checkserverload'] = 'Check server load, and, if it is higher then the set number, show an alert instead of the News';
$txt['devcenter_serverloadtobreak'] = 'Server load value to check for (default: 80)';

// DevCenter mod -- Other
$txt['warning'] = 'Warning';
$txt['high_server_load'] = 'The server is currently under high load';
]]></add>
		</operation>
	</file>
	
	<file name="$languagedir/Modifications.dutch.php" error="skip">
		<operation>
			<search position="end" />
			<add><![CDATA[
// DevCenter mod -- Settings
$txt['mods_cat_modifications_devcenter'] = 'DevCenter instellingen';
$txt['devcenter'] = 'DevCenter instellingen';

$txt['devcenter_menu_count_log_entries'] = 'Laat de hoeveelheid rijen in de error log zien op de Admin menu knop';
$txt['devcenter_dont_show_when_0'] = 'Laat de teller niet zien als er geen rijen zijn';
$txt['devcenter_direct_printing_error'] = 'Laat debugging informatie zien (inclusief fouten, dit zal aan iedere gebruiker getoont worden!)';
$txt['devcenter_show_phpinfo'] = 'Laat de phpinfo() functie zien wanneer de actie \'phpinfo\' is opgeroepen';
$txt['devcenter_quithighserverload'] = 'Stop met uitvoeren als de server belasting een vastgesteld nummer heeft overschreden';
$txt['devcenter_checkserverload'] = 'Check de server belasting, en als deze het vastgestelde nummer heeft overschreden, geef een waarschuwing in plaats van het Nieuws';
$txt['devcenter_serverloadtobreak'] = 'Server belasting getal om voor te checken (standaard: 80)';

// DevCenter mod -- Other
$txt['warning'] = 'Waarschuwing';
$txt['high_server_load'] = 'De server is momenteel erg belast';
]]></add>
		</operation>
	</file>
</modification>