<?xml version="1.0" encoding="utf-8"?>
<!DOCTYPE modification SYSTEM "http://www.simplemachines.org/xml/modification">
<!--Generated with Mod Manager (c) 2013 Yoshi2889-->
<modification xmlns:smf="http://www.simplemachines.org/" xmlns="http://www.simplemachines.org/xml/modification">
    <id>Yoshi2889:TabbedCategories</id>
    <version>0.1.2</version>
    <file name="$sourcedir/BoardIndex.php">
        <operation>
            <search position="before"><![CDATA[$context['show_who'] = allowedTo('who_view') && !empty($modSettings['who_enabled']);]]></search>
            <add><![CDATA[

	// Yoshi2889: Tabbed Categories
	$context['html_headers'] .= '
	<script src="http://ajax.googleapis.com/ajax/libs/jquery/1.10.1/jquery.min.js"></script>
	<script src="http://ajax.googleapis.com/ajax/libs/jqueryui/1.10.3/jquery-ui.min.js"></script>
	<link rel="stylesheet" href="http://code.jquery.com/ui/1.10.3/themes/smoothness/jquery-ui.css" />
	<script type="text/javascript">		//<![CDATA[
		$(document).ready(function ()
		{
			$("#category_tabs").tabs();
			$(".ui-tabs-panel").css("padding","0px");
			$(".ui-widget-header").addClass("catbg").removeClass("ui-widget-header");
		});
		//]]]]><![CDATA[>
	</script>';
	// End Yoshi2889: Tabbed Categories]]></add>
        </operation>
    </file>
    <file name="$themedir/BoardIndex.template.php">
        <operation>
            <search position="replace"><![CDATA[	echo '
	<div id="boardindex_table">
		<table class="table_list">';

	/* Each category in categories is made up of:
	id, href, link, name, is_collapsed (is it collapsed?), can_collapse (is it okay if it is?),
	new (is it new?), collapse_href (href to collapse/expand), collapse_image (up/down image),
	and boards. (see below.) */
	foreach ($context['categories'] as $category)
	{
		// If theres no parent boards we can see, avoid showing an empty category (unless its collapsed)
		if (empty($category['boards']) && !$category['is_collapsed'])
			continue;

		echo '
			<tbody class="header" id="category_', $category['id'], '">
				<tr>
					<td colspan="4">
						<div class="cat_bar">
							<h3 class="catbg">';

		// If this category even can collapse, show a link to collapse it.
		if ($category['can_collapse'])
			echo '
								<a class="collapse" href="', $category['collapse_href'], '">', $category['collapse_image'], '</a>';

		if (!$context['user']['is_guest'] && !empty($category['show_unread']))
			echo '
								<a class="unreadlink" href="', $scripturl, '?action=unread;c=', $category['id'], '">', $txt['view_unread_category'], '</a>';

		echo '
								', $category['link'], '
							</h3>
						</div>
					</td>
				</tr>
			</tbody>';

		// Assuming the category hasn't been collapsed...
		if (!$category['is_collapsed'])
		{]]></search>
            <add><![CDATA[	echo '
	<noscript><div class="errorbox">', $txt['tabbedcat_nojs'], '</div></noscript>
	<div id="category_tabs">
		<ul>';

	foreach ($context['categories'] as $category)
	{
		echo '
			<li><a href="#cat_' . $category['id'] . '">' . $category['name'] . '</a></li>';
	}
	
	echo '
		</ul>';
		
	foreach ($context['categories'] as $category)
	{
		echo '
		<div id="cat_', $category['id'], '">
			<table class="table_list">]]></add>
        </operation>
    </file>
    <file name="$themedir/BoardIndex.template.php">
        <operation>
            <search position="replace"><![CDATA[		echo '
			</tbody>';
		}
		echo '
			<tbody class="divider">
				<tr>
					<td colspan="4"></td>
				</tr>
			</tbody>';
	}
	echo '
		</table>
	</div>';]]></search>
            <add><![CDATA[		echo '
			</tbody>
			</table>
		</div>';
	}
		
	echo '
	</div>';]]></add>
        </operation>
    </file>
    <file name="$languagedir/Modifications.english.php">
        <operation>
            <search position="end" />
            <add><![CDATA[$txt['tabbedcat_nojs'] = 'You do not have JavaScript enabled, and therefore the board index may not look as expected. Please enable JavaScript for the board index to display correctly.';]]></add>
        </operation>
    </file>
</modification>