<?xml version="1.0"?>
<!DOCTYPE package-info SYSTEM "http://www.simplemachines.org/xml/package-info">
<package-info xmlns="http://www.simplemachines.org/xml/package-info" xmlns:smf="http://www.simplemachines.org/">
	<id>Yoshi2889:FancyPosts</id>
	<name>FancyPosts</name>
	<version>0.4.1</version>
	<type>modification</type>
	<install for="2.0 - 2.0.99">
		<code>installhooks.php</code>
		<require-file name="Subs-FancyPosts.php" destination="$sourcedir" />
	</install>
	<uninstall for="2.0 - 2.0.99">
		<code>uninstallhooks.php</code>
		<remove-file name="$sourcedir/Subs-FancyPosts.php" />
	</uninstall>
</package-info>