<?xml version="1.0"?>
<!DOCTYPE modification SYSTEM "http://www.simplemachines.org/xml/modification">

<modification xmlns="http://www.simplemachines.org/xml/modification" xmlns:smf="http://www.simplemachines.org/">
	<id>yoshi2889:backtotheindex</id>
	<version>0.1</version>
	
	<file name="$sourcedir/Subs.php">
		<operation>
			<search position="replace"><![CDATA['register' => array(
				'title' => $txt['register'],
				'href' => $scripturl . '?action=register',
				'show' => $user_info['is_guest'],
				'sub_buttons' => array(
				),
				'is_last' => !$context['right_to_left'],
			),
			'logout' => array(
				'title' => $txt['logout'],
				'href' => $scripturl . '?action=logout;%1$s=%2$s',
				'show' => !$user_info['is_guest'],
				'sub_buttons' => array(
				),
				'is_last' => !$context['right_to_left'],
			),
]]></search>
			<add><![CDATA['register' => array(
				'title' => $txt['register'],
				'href' => $scripturl . '?action=register',
				'show' => $user_info['is_guest'],
				'sub_buttons' => array(
				),
				'is_last' => !$context['right_to_left'] && ($modSettings['backtotheindex_enabled'] == '0' or empty($modSettings['backtotheindex_href']) or empty($modSettings['backtotheindex_title'])),
			),
			'logout' => array(
				'title' => $txt['logout'],
				'href' => $scripturl . '?action=logout;%1$s=%2$s',
				'show' => !$user_info['is_guest'],
				'sub_buttons' => array(
				),
				'is_last' => !$context['right_to_left'] && ($modSettings['backtotheindex_enabled'] == '0' or empty($modSettings['backtotheindex_href']) or empty($modSettings['backtotheindex_title'])),
			),
			'backtotheindex' => array(
				'title' => !empty($modSettings['backtotheindex_title']) ? $modSettings['backtotheindex_title'] : '',
				'href' => !empty($modSettings['backtotheindex_href']) ? $modSettings['backtotheindex_href'] : '',
				'show' => !empty($modSettings['backtotheindex_enabled']) && !empty($modSettings['backtotheindex_href']) && !empty($modSettings['backtotheindex_title']),
				'sub_buttons' => array(
				),
				'is_last' => !$context['right_to_left'],
			),
]]></add>
		</operation>
	</file>
	
	<file name="$sourcedir/ManageSettings.php">
		<operation>
			<search position="before"><![CDATA[		// Mod authors, add any settings UNDER this line. Include a comma at the end of the line and don't remove this statement!!]]></search>
			<add><![CDATA[
		array('check', 'backtotheindex_enabled'),
		array('text', 'backtotheindex_title'),
		array('text', 'backtotheindex_href'),]]>
			</add>
		</operation>
	</file>
			
</modification>
