<?xml version="1.0"?>
<!DOCTYPE modification SYSTEM "http://www.simplemachines.org/xml/modification">

<modification xmlns="http://www.simplemachines.org/xml/modification" xmlns:smf="http://www.simplemachines.org/">
	<id>yoshi2889:backtotheindex</id>
	<version>0.1</version>

	<file name="$languagedir/Modifications.english.php">
		<operation>
			<search position="end" />
			<add><![CDATA[
$txt['backtotheindex_enabled'] = 'Enable the Back to the index mod';
$txt['backtotheindex_title'] = 'Title for the Back to the index menu button';
$txt['backtotheindex_href'] = 'Link (URL) for the Back to the index menu button';
]]></add>
		</operation>
	</file>
	<file name="$languagedir/Modifications.dutch.php" error="skip">
		<operation>
			<search position="end" />
			<add><![CDATA[
$txt['backtotheindex_enabled'] = Zet de Back to the index mod aan';
$txt['backtotheindex_title'] = 'Titel voor de Back to the index menu knop';
$txt['backtotheindex_href'] = 'Link (URL) voor de Back to the index menu knop';
]]></add>
		</operation>
	</file>
</modification>
